SeqMetric2	SRR3179593	SRR3179623
SequenceFormat	SE	SE
QualityEncoding	Sanger/Illumina1.9	Sanger/Illumina1.9
Read1MinimumLength	46	46
Read1MedianLength	46	46
Read1MaxLength	46	46
Read2MinimumLength	NULL	NULL
Read2MedianLength	NULL	NULL
Read2MaxLength	NULL	NULL
NumReadsTotal	22916518	8051253
NumReadsQcPass	22916517	8051253
QcPassRate	100%	100%
PE_Read1_StarMapRateTest	95	95
PE_Read2_StarMapRateTest	NA	NA
PE_Read1_Excluded	FALSE	FALSE
PE_Read2_Excluded	FALSE	FALSE
MappingFormat	SE	SE
STAR_UniqMappedReads	21731958	7625712
STAR_Strandedness	Unstranded	Unstranded
STAR_UnmappedReads	238806	52694
STAR_MultiMappedReads	945753	372847
STAR_NoFeatureReads	119507	51782
STAR_AmbiguousReads	848521	277479
STAR_AssignedReads	20763930	7296451
STAR_UniqMapRate	94.831%	94.7146%
STAR_AssignRate	90.6068%	90.625%
Kallisto_Kmer	31	31
Kallisto_MappedReads	22000403	7530485
Kallisto_MapRate	96.0024%	93.5318%
DatasetCorrel	PASS	WARN(1,5,7)
QC_SUMMARY		
