SeqMetric2	SRR1044945	SRR1044946	SRR1044947	SRR1044948
SequenceFormat	SE	SE	SE	SE
QualityEncoding	Sanger/Illumina1.9	Sanger/Illumina1.9	Sanger/Illumina1.9	Sanger/Illumina1.9
Read1MinimumLength	36	36	36	36
Read1MedianLength	36	36	36	36
Read1MaxLength	36	36	36	36
Read2MinimumLength	NULL	NULL	NULL	NULL
Read2MedianLength	NULL	NULL	NULL	NULL
Read2MaxLength	NULL	NULL	NULL	NULL
NumReadsTotal	15143653	12498123	22721359	17255612
NumReadsQcPass	15124750	12492819	22701080	17247104
QcPassRate	99.8752%	99.9576%	99.9107%	99.9507%
PE_Read1_StarMapRateTest	94	94	93	94
PE_Read2_StarMapRateTest	95	86	68	90
PE_Read1_Excluded	FALSE	FALSE	FALSE	FALSE
PE_Read2_Excluded	FALSE	FALSE	FALSE	FALSE
MappingFormat	SE	SE	SE	SE
STAR_UniqMappedReads	14127694	11623191	21003104	16070039
STAR_Strandedness	Unstranded	Unstranded	Unstranded	Unstranded
STAR_UnmappedReads	159646	117107	233723	171998
STAR_MultiMappedReads	837410	752521	1464253	1005067
STAR_NoFeatureReads	126393	115483	175552	128203
STAR_AmbiguousReads	496513	410344	770163	593684
STAR_AssignedReads	13504788	11097364	20057389	15348152
STAR_UniqMapRate	93.4078%	93.039%	92.5203%	93.1753%
STAR_AssignRate	89.2893%	88.8299%	88.3543%	88.9897%
Kallisto_Kmer	31	31	31	31
Kallisto_MappedReads	13211171	10856818	19651625	15071080
Kallisto_MapRate	87.348%	86.9045%	86.5669%	87.3832%
QC_SUMMARY				
